{
  "M_only": {
    "AUC": 0.8474603174603175,
    "PR_AUC": 0.8918511647083076,
    "Brier": 0.2048234579672235
  },
  "K_only": {
    "AUC": 0.6396825396825397,
    "PR_AUC": 0.716084312512884,
    "Brier": 0.2314640420548281
  },
  "E_only": {
    "AUC": 0.5696825396825397,
    "PR_AUC": 0.7017673331959046,
    "Brier": 0.2557977431219132
  },
  "MK": {
    "AUC": 0.8931746031746032,
    "PR_AUC": 0.9181746031746032,
    "Brier": 0.18052815863459568
  },
  "ME": {
    "AUC": 0.8419047619047619,
    "PR_AUC": 0.8836580086580085,
    "Brier": 0.19523998208696827
  },
  "KE": {
    "AUC": 0.6558730158730158,
    "PR_AUC": 0.7423802652374081,
    "Brier": 0.23051786707869656
  },
  "MKE_full": {
    "AUC": 0.8931746031746032,
    "PR_AUC": 0.9129024943310657,
    "Brier": 0.14675292221495467
  }
}